name,score
HCD,50
BBN,1350
NBF,750
UIO,1350
HHH,900
KKK,400
YYI,1040
AAS,1480
IIO,1480
YYO,2800
RJH,1520
SEA,840
ZFY,320
LIZ,680
UUU,1040
SEA,160
YYY,120
TTT,0
LLL,720
YYY,2320
SEA,400
ABC,1400
JMN,800
RAC,1080
III,320
JJQ,1080
YUI,440
EEE,880
III,1040
YUU,440
YYY,560
OOO,80
III,120
YYY,160
YYY,240
UUI,520
OOO,520
JJQ,800
JJQ,1480
JJQ,800
RRR,880
EOI,1840
EOI,3180
NIC,4150
RUT,1120
EMI,1800
MYL,3160
KOD,1080
ANN,1680
AMM,3230
BVV,760
BBB,1680
HHH,840
BOB,1520
SUS,1640
JIM,1440
IVO,1160
TOM,1400
RIA,1160
NIC,3710
RUT,1520
NIC,3250
RUT,2300
NIC,4640
EMI,1720
LEA,4250
PIE,4260
NIC,4220
DEB,3140
PAH,880
POO,3870
MLT,3250
CID,1520
POD,3870
NIC,1760
NIC,1800
EMA,1720
ALN,2720
GIL,1120
SPG,1720
TIE,3570
JAM,2800
MIR,4620
REW,1480
LOZ,2130
LOZ,6920
DAZ,160
ALD,1120
ALD,1400
RAS,1520
LFC,2820
AMM,2500
JEN,1800
ANT,1440
SLP,1720
PAT,1120
ALY,1800
BEC,1120
PJM,4650
PAT,1760
LET,1160
NAT,1520
CEH,1440
SMH,4870
LEV,3670
HES,1680
GAV,3820
BRY,1840
JRN,4270
ALD,2770
ALD,3190
JEN,1800
JEN,1840
EOS,5990
JEN,4190
GYY,1640
VVV,1800
FWX,1120
CYE,200
JCF,80
KJF,760
JEN,4300
ARR,3730
FER,40
TDF,560
LOG,680
DAD,1800
ROS,1680
UTR,760
PG.,3640
S.V,4220
HMM,1520
MAR,1520
NEN,480
YOU,2640
RIO,1400
MIA,800
PEN,1720
DAD,4320
JRN,1840
JEN,3870
SAM,2210
SID,1160
LOU,2730
TAW,1800
DEV,1760
MUM,1840
HYT,1480
CAI,1120
CAI,1800
CAI,1520
CAT,560
TYU,2640
TYU,3750
HIG,1480
LAM,4800
CAT,40
JC.,6210
AK.,2230
ICC,1480
DBC,1440
PIP,800
PIP,2180
ME.,1400
EMQ,840
CLP,2700
LEN,1720
JRN,5210
KAT,2550
KAT,2720
HYM,1440
HYM,3600
RAB,1400
ROB,520
ELB,1400
CCC,1160
CCC,3750
ABC,440
ALE,1520
FLE,4230
CHL,360
ELL,1120
DES,80
DYL,840
DES,4150
MEL,4370
KAA,1480
XZZ,1360
JIE,560
COL,1840
ROB,120
AMY,1440
CRG,1760
CRG,800
LOL,800
.CA,760
DEY,840
CAD,480
TED,440
JAH,1440
DJH,1080
JJA,840
RUO,560
HJL,400
PE.,160
UUU,120
RTY,1120
YTU,840
III,880
V.V,800
QQQ,840
...,1760
IF.,1480
IAN,1360
WEE,1200
MMM,2550
TOM,480
VJB,720
KP.,120
BEL,520
HAN,1680
HAZ,840
CJM,2660
JOA,1840
BOB,1120
BAW,2730
BUM,880
GFF,120
GFF,120
YFF,160
GAS,1480
KIM,1480
MIA,40
CCC,1200
CCC,4650
CCC,2770
MEG,1160
ICU,2690
ICU,4250
RED,1200
YHU,1800
YHU,2180
CCC,1480
CCC,4250
AIM,800
FAN,1120
DEX,1120
ME.,1520
ALI,1760
REI,120
KJN,40
.KH,40
FEM,1400
VTJ,1440
.SU,1760
DRT,1440
HGK,1160
JAM,80
GDJ,200
CER,760
J..,2730
LUK,1760
FFF,1520
CET,3130
HEA,880
CET,1720
XBY,1760
LKW,880
NIN,200
RDW,1400
MER,2550
LCM,160
DOG,680
DYL,1800
UUU,2690
FMH,160
HMH,1360
FSS,2800
LUK,80
RUB,160
JAS,800
JCC,1520
ZOO,720
POO,800
ZOO,480
GEB,1840
GGG,560
DAD,1440
HAR,1520
FIO,4190
HAR,2680
ANN,1520
ANN,1320
CAR,1120
CAR,1200
ROA,880
TOM,2500
POO,560
FIN,1120
LLK,120
KIS,4320
PAS,160
MSL,880
JEN,3820
JAS,1040
HSO,1000
JAS,1040
ZOE,2190
BEE,480
STA,480
MJG,720
FAS,1120
GUN,1120
EUA,80
ELL,800
LEO,480
TIA,200
THI,80
THI,880
D.A,3150
ALD,4250
RET,840
EVE,440
PAT,440
RIC,3090
RAX,3060
HAZ,1760
HAZ,880
HAZ,1800
BOB,1200
FRE,1000
ALD,1800
ALD,1800
ALD,3650
KIR,1480
CTW,3220
JAB,800
KAT,120
HAZ,1120
SMS,160
SAN,2770
JAC,1760
LOP,3120
ROG,240
ROB,1720
CON,1120
SAM,80
BEN,1760
DAD,4170
SAM,840
CAL,1200
LJF,40
CAM,120
KRN,1840
FUN,200
RED,520
GUY,1160
ALB,1040
CON,440
RNY,80
JAK,80
APE,880
NAP,1120
DHY,1400
COO,80
LOL,800
DFB,200
ZXC,120
CAS,4020
ZEK,1840
EVA,800
DAN,2750
RYA,3650
ZOE,520
GJK,2210
GKK,1400
KOE,80
BEN,1080
ROX,1840
BOB,480
GTR,1320
GFR,2730
BOO,200
GOD,200
MAD,2090
MAX,480
BEN,40
FJJ,120
JAM,1440
RON,840
EGG,520
EGG,40
FQQ,80
SAN,800
ETH,1080
ERT,520
ERT,1480
CAO,80
EOI,2720
GED,2230
CAT,80
REE,1080
GAY,120
KAT,1520
KAT,160
LI.,80
WII,1160
RUB,800
BEC,1080
JEN,240
ELL,160
HYI,4250
FKJ,1720
CMD,1200
LAA,1160
BER,520
CDS,40
OIS,1440
JTF,160
KCA,400
VFH,840
POO,1800
AAA,1120
AMA,440
CCM,2510
MH.,3670
CHR,4210
MAE,1160
JES,1160
BRK,1400
NEL,400
GEL,120
TOM,160
BEN,160
JAL,760
MIA,160
GAZ,1680
ROS,3230
NBV,200
VVV,880
AMY,520
KKK,520
ASH,1800
DAN,4750
XHT,160
FRE,800
NXV,80
FIN,1360
ALD,1480
CAM,120
ZOE,1640
KJL,840
GGH,200
MAR,3320
GGG,4800
CAZ,4170
ANN,1480
CHA,4300
ANN,3300
CHA,4820
UTR,480
UTR,1760
RSV,1800
MEO,520
RYU,40
JEF,3150
LAC,1840
GRA,1400
LIL,4220
SAM,80
PSY,1320
ALI,400
LUI,2650
THE,1480
AJS,1400
AVI,520
SFF,40
CAT,120
VAN,200
SXS,200
YUG,200
THO,520
QTT,440
IZZ,1120
SCO,1520
IZZ,880
IZY,1480
MHH,2710
QWT,560
OKR,1800
FJR,1200
ZOE,1200
PJD,4270
PJD,4670
IAN,6080
JES,3080
VIC,2650
JAM,1440
HEZ,3150
ALD,4820
ALD,4370
AAA,6060
ED.,1120
QWE,520
AEN,1120
ZOE,520
FEV,2620
SAM,1080
PAC,1200
QWE,2700
SAM,80
QWE,1800
SAM,160
SAM,3210
QWE,3640
SAM,2770
SAD,480
UJI,1760
MIA,1120
MIA,1480
JAM,1440
EIL,1520
JAM,1680
ALI,1480
TPM,1800
BEA,1840
JAM,400
QAP,1440
JM.,1080
JES,1120
CAL,1440
...,120
PIN,160
ELA,3060
KAT,200
ASH,1200
MET,1480
TTT,840
APE,1480
QWE,3050
KAT,3300
KAT,3230
KAT,4660
MEG,1520
MEG,1760
C.G,3750
ALI,1760
MAR,1200
MAR,2720
B.E,1760
ALI,1760
MNB,1720
GDG,1160
ALR,800
RAC,1840
HM.,2040
BHH,160
ALX,1800
ALE,1480
FEE,2250
FEE,440
RFB,520
ALE,120
ALE,3190
XVX,320
LOL,440
KAT,840
KAT,4250
YYY,1160
POO,760
HOP,840
NPW,160
SAN,1440
HAR,160
LA.,560
JYT,80
UFO,360
ANT,2730
L..,1520
HFD,760
SAN,880
JON,1680
POD,1080
ROB,240
NHK,1120
DON,1800
AYO,120
JEN,1760
ASS,1160
SAC,560
SAC,480
YEH,560
POO,520
CAT,1160
BDF,1760
LCG,1480
HBA,440
HQB,440
HLB,1440
GLG,1720
HBL,1400
HBL,520
HBL,160
LAB,1400
CHI,1120
ELB,1760
HAN,1160
TRY,520
HAN,1520
LAU,1200
ME.,80
FFH,1360
DAR,120
DAR,480
RUO,120
DHT,480
FMR,800
JOS,1520
ALK,480
JIN,1160
CYF,2730
AAS,0
BOG,1080
MAM,2650
DAD,1840
TJM,1720
BOS,2820
DAD,520
DCC,1120
NEI,1400
STU,1800
EB.,160
CCC,400
RAY,200
ART,1840
BOB,1040
EMM,1400
ASS,1520
UKJ,40
UCY,1800
JOS,1200
PPP,2730
VJ.,1520
TPP,560
DAN,1080
MOT,2050
ANY,1040
OLI,400
WIL,400
JOA,1520
MIK,3270
EAM,200
EAM,760
EAM,160
EAM,520
LOL,2170
AMS,1400
KEE,1160
ORL,1760
IAN,4650
QMU,1160
TOM,160
RRP,480
CSS,1200
ALD,3820
EVE,520
FIO,1080
HOP,1440
AJS,1080
MUS,1200
DAD,1120
HC.,840
IAN,1840
LOO,2630
EUN,1760
EUN,520
RAT,1800
SUE,2050
JAM,4270
POU,480
DHS,1440
EMM,120
WWW,2600
SHE,2700
BOB,1120
DUR,1800
JT.,360
BFJ,120
BSD,160
YGH,40
A.L,1400
FRY,160
JOD,2150
NIK,360
ALE,160
ALE,560
ALE,1480
AMY,1200
ALE,1800
MER,2020
KEQ,2750
ARN,1400
KEA,3250
LEE,2300
LIB,1480
GHF,480
MIB,560
MIB,1200
EMI,1200
ECS,1200
KK.,840
GGG,1480
HJI,840
ALT,1120
MON,400
ALT,560
HVG,120
ISS,480
DAD,3720
ISS,160
ANP,1480
HGH,4300
KKK,1760
ODH,4000
AGW,560
ZOE,1480
KAT,2710
MAX,4150
MAT,1720
KLM,1480
GUY,4320
LOU,1200
KKK,2720
GUY,2230
DAV,2190
CAL,1480
LCM,1400
AMY,560
AMY,1120
A.M,120
HAM,80
EVE,1160
KAT,1440
DAD,3300
FEM,2230
SKB,1760
RAD,3720
ANA,80
HAN,880
HAN,80
HAN,1800
HAN,200
KJS,1520
HEY,0
HEY,1080
PDC,3680
CAZ,2590
CAL,1440
BEN,880
ME.,1760
OSC,400
RAC,3650
CAZ,1480
BIL,760
GHU,1400
MKY,840
MUM,1120
JAM,1120
EGF,1800
LLM,1440
MAC,3800
RRR,400
MAC,3300
MAC,2190
CHA,1160
DPF,1120
ESW,1440
PAP,800
BOB,1800
MUM,1800
JAD,800
ACA,3650
LOL,840
EJB,1520
OLI,1760
TYU,1400
GIL,1400
RHG,1480
EMY,4160
RAS,4750
RAS,6990
RAS,4720
RAS,4700
RAS,7440
DOG,1160
BFR,3320
AAP,1440
LUC,2150
AAP,760
AAP,1520
TOM,520
GHG,80
BNH,240
HBA,0
EMI,440
CHL,1760
TOM,120
TOM,120
TOM,1160
MAX,1400
SEP,1200
TOM,1480
ALD,4270
MIN,120
MIN,40
MIN,40
MON,440
MON,80
NOB,1480
STU,1800
NOB,1160
DS.,1800
JRN,4300
ALD,4200
HAJ,1760
HAJ,40
RAY,1160
VIC,1480
VIN,840
FIN,1480
HOL,1760
HAN,1840
CAM,1120
JRN,6300
QDG,680
HQA,520
ALI,1160
NUT,1840
MAL,2670
MAL,1800
SAI,160
ALI,800
ALI,480
CPP,1520
SAR,3760
HI.,1160
SAR,4190
SAR,3730
SAR,1760
SAR,3680
NIC,4720
SAS,40
SBX,1800
DUT,3540
JOA,1720
HAS,3170
AND,2680
MAT,4200
AND,3320
KAT,440
JIL,3800
MAE,480
IYU,160
TYU,120
LOU,1840
MAD,1200
KM.,4870
JON,2650
SAM,4160
SAM,8870
SAM,4370
KNK,3710
AJB,3620
ASH,1800
ADA,1760
EMM,2750
GOR,1480
ROM,4270
DAN,1800
CVC,80
MOZ,160
VVV,520
BAZ,1840
EAR,1720
RAU,1160
JRN,6930
ALD,3760
ALD,3750
NBB,680
BOB,720
EMZ,1800
GRA,3320
SHE,160
JON,1000
JON,240
BOB,1760
DAN,1760
SJL,1800
SJL,3230
RGJ,0
ZOE,0
ZOE,1160
MUM,1440
BOB,1200
ANN,1800
RHY,1400
LOZ,1120
RNA,2690
TAB,840
ALO,1400
TIN,1760
DEA,1480
TIN,2230
ALD,3300
JRN,4670
ALD,3870
SEL,1480
BCC,880
XGG,1200
JCC,1520
CER,3210
JCC,520
JNJ,1520
LIM,4620
OLL,760
COL,480
ZYC,800
PAT,480
GBG,800
PXH,1800
JIM,4570
JAM,160
MQT,560
AVA,800
TIG,2650
MJD,2820
MEG,1760
LES,1760
JPZ,160
MEG,760
FIN,1320
FIN,480
GDG,440
TER,1120
TER,3370
ALI,2720
GAP,200
SOP,2090
CAL,560
CRM,3700
JAM,80
GAZ,1800
JAM,3010
KAT,1760
CHM,2650
LIL,560
LIL,3560
LFC,2150
ASS,80
FI.,480
MRG,120
DFH,40
LUC,400
ALI,800
ANN,400
ANN,1200
AMY,480
AMY,480
MMW,1440
AND,520
AMA,480
JAS,480
OOO,1720
HGB,2700
PRC,1120
GFS,880
CNC,1440
MIN,1760
ES.,4220
MAT,2730
MAT,1520
EBO,120
FFG,1520
TRP,840
JJU,1400
YRX,40
SAR,1400
AND,1440
SAZ,1200
AND,2710
GDD,160
LIL,120
TYL,120
UDJ,1720
FYH,1400
JLS,1440
CEW,6840
ZXC,800
ZOE,760
TOM,1840
SAM,1480
YFH,200
FXV,160
AJD,400
JJC,400
PLA,1720
BEN,2150
ESC,1840
VYF,1000
ROB,1800
LAU,120
AMY,1520
JEN,160
LP.,1120
AAD,4300
AMC,2680
AMC,3300
AMC,4560
WNB,80
HFD,720
AMC,1480
ALL,520
TOM,1080
HJL,1400
BRO,80
FOR,1760
FUY,1120
FOR,840
ALF,80
POO,800
KAT,4670
KSS,760
ABC,40
JMV,160
CAS,1040
RFG,840
JMV,1440
AND,40
ZOE,3700
JAS,2650
JAS,4170
EMI,1440
CCM,1760
EUU,1160
SAP,1400
GAR,1160
GAR,3230
CAL,720
TUY,1120
DPS,80
MKS,880
JMS,1120
DEC,160
MUM,1760
.IP,1720
TRS,560
DJW,1760
JEN,1400
JUD,440
ORL,1200
ASD,1160
WEM,1400
LUS,2640
JAC,160
PGG,200
GJD,3750
KIM,1160
HHG,3320
NIX,3050
BOB,1480
JET,1840
JET,3110
CGH,3760
GGG,680
EIL,5930
LOU,880
JEN,1360
DIJ,1520
DVD,1000
BEC,1480
TOM,4320
HUT,2560
SCO,1800
UHT,1520
ADA,1760
NLB,1720
JRN,6680
EMA,1400
ROB,1440
ROB,3650
YAZ,1120
YSP,4770
HAM,2820
STE,1720
EMR,2650
AAD,2070
AAD,4370
BOP,1760
TOM,160
JIM,1760
NGO,1760
IAN,1160
ASS,4270
KIM,1400
NAT,1400
NAT,1160
AIM,1760
WOF,1080
AMC,1520
AMC,3650
AAD,4230
AAD,1720
LCM,3190
AAD,4300
AAD,3300
JIM,3600
RUT,840
RUT,880
KYL,1760
KYL,1400
SER,1400
KYL,1480
JAD,840
DYL,3710
HAN,1480
DYL,4720
PET,2200
WIN,4110
ALD,4870
BOB,1840
LCJ,2800
SAM,1120
DON,4720
BEA,440
SYP,1400
KEV,0
SOS,1200
HIY,2690
DAN,440
JAF,1480
KTA,3220
TOM,1120
IVR,1200
WJM,4690
OM.,760
WJM,3230
SMG,1840
MER,640
LEW,480
EMI,240
HMC,0
JHH,1120
LOE,1080
YYY,4100
WTM,3150
ROB,2140
ROY,3690
JAM,720
MUM,1520
LUK,480
SAR,840
MEM,80
SAM,1200
SAM,1800
CUK,3150
SAM,4720
.B.,120
LGW,1200
POP,160
SLP,1480
JRN,6110
CJS,1080
IRS,2080
AAA,1720
AAA,3720
JMB,1200
JMB,3700
LJJ,880
LIL,520
EUA,840
OLI,800
JMY,800
JES,160
DAD,1680
EFF,1640
REB,440
DP.,4370
KAZ,1760
YKC,3270
CAL,2190
SCB,6000
POO,1840
MAR,1720
MJH,0
ERP,1400
ALA,440
CAL,1480
CEB,3820
FGG,1400
LIN,1480
RDW,160
DRW,1760
IAM,1400
ADA,1760
FI.,1160
FIB,1200
FIB,1760
FIB,1680
FIB,1200
FIB,1200
DF.,1440
JTP,1080
JO.,1080
DEE,800
DFG,120
COW,1440
NIC,1800
POO,2700
LOO,1480
DPW,3200
BOO,3700
RED,1520
TOM,1160
CAZ,1400
CAZ,1800
HAV,1640
THY,1800
LEE,1400
RGR,3720
VXR,760
LIZ,1400
LLL,5330
LOL,3230
KEV,3300
KAT,1800
KAE,4670
DMP,880
URS,1800
LYN,3750
GAR,1720
GAR,4620
NIK,1160
AJD,3700
JIL,2730
AJD,4300
C.F,1840
KDE,1480
AMY,840
RIC,760
PET,5390
STE,1760
BRI,1760
BJS,1840
BSS,3120
TOM,1800
SLP,1440
FI.,3620
FI.,1080
FUD,2300
ALD,4820
DAN,1800
EMS,1760
MTC,840
PAN,1200
AVF,3130
AVF,4260
STF,1840
VEJ,3250
MJE,1800
MJE,1080
VKI,2650
KS.,1800
CDZ,2800
JEN,4870
ALD,7800
YSY,1160
ABI,80
DES,1080
UJK,1440
BOB,120
BOB,80
RYA,880
DAI,1760
RHU,4700
LAU,4720
TED,200
TFG,1200
JFL,1160
KAG,1800
KAG,2730
KRI,880
HYJ,120
YIY,2230
KEL,1120
KAN,840
DAV,1720
BEX,1760
BEX,1160
NEV,2670
MOG,1320
JAC,1480
NEV,40
JAK,3020
LIV,40
AAZ,160
ZOO,480
QQQ,480
AMY,1080
KKB,160
HHH,80
.LG,1160
POO,3370
AND,1840
DDD,1760
ISA,1800
GGG,160
JEN,1040
AK.,1720
AK.,2230
JEN,2100
GIL,1160
JEN,1680
FIN,1720
JNY,1360
CHR,840
BET,2230
HHG,3220
BUM,520
MAA,520
ADG,880
TMS,800
TMS,880
DJI,3230
POO,1160
POO,1800
DAV,720
WAT,560
POP,480
ALX,1720
ALD,4770
AAD,4220
CJS,3250
LAU,3250
DRE,2680
LMU,1520
HRJ,1120
RAC,1200
MER,880
CAJ,1520
EMJ,1480
BLA,840
SYL,1160
JIM,880
A.M,3040
LUC,880
PAM,2720
RHP,1160
SUE,1760
ZOE,1160
ALA,1760
ZOE,2730
AAJ,1080
DFF,2720
CJN,520
TOT,200
GDA,1360
JO.,2220
RAB,2770
MUM,520
MAT,40
ABI,80
ABM,1800
LYN,1160
MUN,2140
ALX,120
NKO,1200
AME,480
RCH,3160
ALX,240
CAT,4760
SMK,1840
KLB,160
AFK,160
OEF,80
LHI,480
BEX,3150
GAZ,3700
GHU,1120
LDM,2680
EDD,1720
THE,1080
TAR,1680
DDM,3230
VXB,1680
CHR,1520
ARC,800
BUM,1120
MAC,1200
AID,800
ABA,720
ABA,4370
ABA,1840
ABA,1480
ABA,1760
AAA,1440
LAC,3300
ZOE,1720
BOB,1440
TOB,1440
RYU,1720
JRN,3620
BER,1840
MAR,1400
MAC,2560
TIM,2870
NEL,1720
NE.,2870
TIM,4820
AST,1160
YTU,2300
JGE,1760
JAM,1720
LUC,1840
ROB,3190
KDJ,3650
CO.,4620
JAM,3010
ELI,1760
JAS,120
HOO,1840
ALD,4160
GGA,840
ANN,1840
JRN,6990
ANA,4200
DSR,4060
TOR,3770
KEV,4700
SAM,1480
FOX,1200
FOX,1760
MAJ,1200
LOM,1480
LOM,1160
DWY,4140
LIZ,3820
AAG,3570
ELI,1440
ELI,1480
BUB,120
GAY,3680
LJB,3260
JEN,1200
LOU,1200
GHK,1120
RSM,1480
LIL,1760
LIL,1080
DSC,3000
LOL,480
FBF,80
FBI,840
DSC,3150
KDJ,2180
BER,1520
LOU,4770
ME.,1400
TOM,1800
GEA,3650
JJJ,2800
DAV,1760
VIC,1480
LOL,2730
LOZ,2690
LCJ,2650
SEB,3250
CAR,1440
RMF,1040
SBK,4140
ELQ,160
MIK,1440
KIB,3820
RAC,560
RAC,1800
PAP,160
BOB,800
SAM,1640
BBB,1840
LIL,120
DIJ,240
J.P,1200
A.D,1800
GEM,1800
JIW,1800
CRA,1760
HAM,1160
HAM,1200
BEA,560
MMM,480
CHA,2160
JOE,1520
SD.,3300
AYA,1720
BRI,4820
RAW,40
JY.,3700
ZOE,1720
SHB,1760
COL,2800
JRN,4720
JRN,3150
WWW,3870
NAT,1440
NAT,840
TAN,1200
AJW,3650
DAD,1120
MAH,1480
KIW,760
LMU,1400
DIE,3690
GEM,1720
HLU,360
EJD,240
CTQ,3250
QWE,1840
AMY,1800
EWA,1840
LIN,1840
NIC,1720
JOJ,1440
JOJ,4140
MIK,3770
SAM,2610
AMY,120
ION,1120
BRO,1840
BEA,480
MMM,1440
JOB,4610
IWU,480
HLU,720
HLU,1120
HLU,800
USE,720
JEB,840
BEN,1080
LIZ,1480
DAD,1520
LL.,2150
IAN,2190
ERI,3230
ERI,3620
FAY,1440
JMA,160
LIL,520
GEM,4820
GEO,800
RAY,1200
LIS,1200
HHH,1760
JAY,1160
JAY,1720
WAL,1160
WAL,2550
IXX,120
ISL,1800
IAH,440
SAM,1520
NAT,1800
BAR,4170
ARS,1120
ARS,800
QQQ,1200
CAM,1040
JES,1760
SUS,840
SUS,1800
KOB,240
LPG,2770
JNL,2370
TOM,3300
GEM,3580
BOB,1800
RBT,4120
YIU,1480
C..,3700
TOD,200
LOU,3680
LOU,2060
SLB,2730
JHD,3820
EMZ,1800
MAI,440
AGC,1800
JGW,120
JAC,520
RHM,4190
MHG,4770
DMM,200
DMM,3180
DMM,3760
DMM,40
ODJ,520
.IL,640
.IV,840
FHF,840
WQE,800
WQA,880
TGG,520
II.,880
RFG,800
QAA,160
AMY,1480
JMH,1120
JMH,800
JMH,520
ZEK,480
JMH,1200
CMP,3180
AIP,520
PPP,1840
RIP,120
MEG,2700
EIL,200
ANT,1080
HAN,1840
MEG,1480
NMN,1080
MSH,1720
MSH,3300
ILL,1120
FHY,120
SWW,800
NPW,160
ROX,1840
BOB,120
WGH,0
DFG,1160
QFF,3770
FGH,2800
FHJ,200
PAR,1520
SE.,400
OIU,1200
MIK,4720
ALI,1120
ALI,1120
DAN,1800
ASS,3710
DAM,3590
CCC,3180
CAT,800
SFH,3570
GEN,1480
EVE,1840
DAD,1160
TOM,1520
DAV,880
ANT,3690
AMY,1160
ANT,1760
HGJ,6360
AMC,3370
LO.,1800
ALF,1840
IEW,840
AFY,1120
FGY,1480
SAR,1440
IDA,680
MUC,4800
DAN,3230
AEL,3680
RED,1160
RHY,880
CAL,80
BOB,1160
CAL,1800
GMM,1200
CAL,2730
CXC,160
JOE,1440
JOE,560
JOE,80
JOQ,840
MAZ,1160
HG.,1840
IMR,3140
PPP,1160
JEN,120
DAV,1760
CAN,1840
MPP,200
TOM,760
TOM,1120
DEC,1360
CSM,1760
TJD,520
LOO,1720
JEN,400
GEF,480
JAS,4600
YGH,1160
JOE,2700
HES,1680
FIN,1760
TOT,3300
JJK,440
CAM,160
JAC,1120
MON,1160
ALG,1400
KOO,1400
DSG,4770
GDZ,3270
HHD,240
EDB,1120
EDB,1120
JOB,1440
YTU,3770
HFG,4270
JON,1480
CPL,760
CHR,4200
LAW,3690
ABI,2110
GAZ,2650
FCU,160
EMG,120
HAR,1640
HCO,1840
QWE,4680
KJJ,1760
FFF,1760
YYY,7380
KAY,1520
EWA,1760
LEX,80
LAR,1160
LIS,1080
TEU,120
JJH,1440
EMA,1440
PHO,520
BEC,1760
FIN,400
AND,1800
EMM,4670
ALB,1160
HOL,320
EPW,6760
CAM,1840
EMX,4200
PEP,520
PEP,2800
LYA,120
ETH,1160
CHR,4670
LAU,800
PHI,1520
TYN,840
CLN,4220
TYN,120
TYN,480
EZX,1360
OAP,120
CMC,1040
FIO,1440
MII,80
MIT,2250
EUD,2630
FIS,1480
ABI,1080
MKY,240
ASH,1800
QUE,2600
VBN,1440
JPF,1520
MIM,3660
EVE,520
CAR,80
KER,760
NHH,80
ASH,840
GEO,4760
AND,840
STU,1800
AND,120
CHE,560
RRR,2800
QWE,1800
HAM,3750
AJL,3070
PIE,840
JOE,1720
ROB,120
EMO,800
STE,1480
MAR,880
OLI,2260
BEN,1200
A..,1440
LOL,800
DJK,760
DJL,1080
CAZ,2770
DDD,3300
AEM,1160
AGM,1440
JSH,3600
AJS,1480
AFW,1480
BAM,1440
ZPO,1760
IJG,1720
DAR,200
RST,3970
GMT,2760
OJJ,1520
RAP,1200
RAC,1440
GHF,3870
CAT,1120
JFN,1760
MOL,360
XCJ,1080
JME,520
UTH,2190
CLJ,760
AAA,160
AAA,1160
GJJ,4170
AAA,160
AAA,1680
ACA,200
KMC,1840
GSD,4660
LEN,1160
MAR,4090
FFF,200
NOO,2230
BEN,400
RHW,200
JAC,1160
D..,1800
BLJ,1400
MUM,4300
DAD,4720
EMY,3200
SAR,2730
L.L,3680
MIC,120
MIC,80
BOB,160
NIC,1760
HUU,2100
HIY,880
SAM,160
SAM,800
DAD,1360
WOL,520
MIA,400
ANN,160
MIA,520
MIA,520
TIA,1520
DAD,1520
WEE,3650
EST,3770
EST,3300
JAM,520
JIM,1400
JON,1120
JWC,1440
BIN,880
ALI,1760
ALI,4520
STU,2590
MMM,3040
EEE,5240
WIA,1480
INN,440
LCK,880
DEC,480
TYG,1440
LEM,3720
ABI,1480
BKH,80
ADY,1440
LOL,2190
LKK,1800
SJP,1480
ALI,1520
RAJ,1720
VIK,1200
LJO,1800
SRD,800
SRD,480
STU,480
JOR,4200
XAV,1160
MAE,1120
NIC,1160
DIA,7310
SEA,1160
DJA,880
AMY,1840
OLL,480
HAM,80
HWH,160
HHG,520
RYA,360
PWE,400
HHY,1120
KAT,1480
JEN,3230
CAR,1160
MIA,880
FUB,3650
GGG,3750
UJH,4720
MKH,1120
GYT,4570
AMY,2590
MAT,520
MAT,1120
IAN,3590
CAT,1760
SEC,480
IZZ,1120
KPP,1160
TFG,840
DEB,2800
BEN,800
DAI,1760
DAD,1200
ALF,400
AJT,1400
NPP,4550
MEG,200
LOL,800
LOL,1040
APE,1440
APE,2700
MKI,1520
JES,40
JES,1200
CJS,2180
SJS,1680
CRA,1800
SCO,1400
CAL,1800
CJS,160
SOP,3100
ETH,1720
MAI,480
MIK,1400
BGU,1480
FVF,80
GGG,880
MEG,1400
MEG,760
JON,2700
DIE,3640
KAT,3190
ASH,2650
NPO,1800
ALA,3130
FIN,720
MAU,160
MJG,760
CAT,520
CAR,1800
DAD,720
JAK,1440
EMM,1800
SAM,1120
EVE,1440
SOS,200
SSS,1160
SEX,1480
BEV,1440
DPM,1440
CLO,1120
ZCF,3190
MOO,840
CUM,1760
CUM,1520
DAN,160
FGT,840
FIR,480
REU,840
HOL,1440
VDM,4270
MAT,1760
REU,520
NRT,1480
DAN,1720
STE,720
FGH,1080
NEA,1080
WHO,200
VVV,2720
UAN,3230
SLC,1840
RAY,3250
EHC,1680
SLC,1440
ROS,1200
SAM,4800
...,160
OLL,4260
KEN,1760
AMY,520
ALM,160
MAT,440
ME.,880
EDD,1160
EDD,1480
GHJ,1440
GEM,760
JAM,1440
CH.,2180
CAL,760
CXV,1200
KWE,1840
JHG,1200
MEG,1200
MEG,1440
JHG,1800
CHR,2230
KEI,3800
ZZZ,40
CHR,1760
EHH,7330
RAF,3870
TOM,200
MBZ,1120
WIL,760
MPM,1760
SCO,0
ISA,80
CAT,800
.KU,480
EMC,1000
MAI,1120
YOO,440
YOU,720
DJH,400
CCP,4150
KEV,480
JMM,3620
JES,1520
EWA,1160
AIL,360
HGH,80
TTT,840
ELS,1040
.LN,480
MMM,200
OLL,880
JAM,80
ERN,1760
MAT,2190
MAT,1200
VGB,240
CAT,1040
...,480
YDH,840
OZZ,1120
DAN,1480
PNT,760
ELI,800
OMM,440
EMI,4200
SAM,840
MUM,1200
DAD,800
JSC,1800
UUU,4300
.PP,3100
DDD,2100
JUL,3800
TOM,560
HZB,1800
MAT,1800
LUC,1720
QQE,1120
POO,3820
POO,1480
POO,400
EAT,1760
EVE,1720
BEN,1520
HKH,1760
MAD,4210
KIT,440
FFH,4670
TUH,80
POO,800
KEL,1480
ALM,160
GAY,1160
CMB,1040
LIK,80
.LE,760
ARO,1760
TOG,1840
NYG,120
JES,2190
MAX,2690
SRS,240
DAN,3680
ALD,3750
JAM,7550
KYR,1440
SOP,720
A.O,120
GEM,1480
BOB,3370
HYU,1520
B.P,1760
GUM,1080
MUM,3620
MUM,1480
JOD,1520
LIV,480
NLL,680
MCG,880
BET,160
BET,560
HAN,1480
FIO,1440
ME.,1160
ASH,1520
STU,3690
HGC,1520
WOO,40
SAM,4230
HFA,1480
CAS,2230
KAT,1120
ZOE,800
EMZ,1000
MAT,520
MAT,1800
EMY,240
NRP,1760
SAR,0
JAY,480
OJD,480
MMM,40
JAY,840
AMY,1840
AMT,1040
AMY,1200
JAY,1080
JAY,120
IPL,160
SAM,880
JAM,80
RAC,880
JAY,120
AZM,80
JBB,2650
JBB,1800
JAX,160
KAT,160
QUD,120
SCO,4220
BEE,120
EVR,1080
TDR,3670
JUL,840
IZZ,720
GDK,760
P.O,80
REC,1440
ANG,4820
BPB,440
GIO,120
XYZ,40
JVH,840
OYT,1120
ATQ,800
SUM,200
MMH,440
KKI,1480
SJK,2180
JGB,1720
HHH,520
GJJ,3630
POO,1520
NSB,1120
MJK,1120
JIM,1080
DEB,1080
JIM,1520
ANA,1480
WEE,80
LAN,3160
GGG,2250
GAR,2590
TUK,160
DRM,3300
TBN,40
ROS,120
SUE,480
SAM,120
SAM,1480
GUA,440
ALX,800
TUH,3160
JAM,1760
ALE,1120
ZXC,1760
VIK,3230
JAM,800
ATR,2060
YAH,80
YAH,240
ZOH,80
GEM,3230
DWA,1480
ANN,1840
FLA,3190
OVB,1520
GUO,800
JAC,480
BEE,40
ELP,1120
NIM,1120
EOI,80
GQA,40
MTR,1040
EMI,400
BOB,1760
DSF,1320
CBX,1480
FTE,1320
JIM,1840
JIM,1520
QWE,760
VJH,3300
VCJ,1480
FDH,1120
COZ,1200
CLZ,3250
OGG,1720
EVH,80
QTY,160
BAZ,1520
PRW,1720
AMM,2250
CON,1080
ORB,1120
E..,1200
ELL,560
CET,1440
NNJ,720
HAM,840
AMY,1480
ROB,40
SAB,120
ABS,240
JES,1200
QTN,760
RAE,80
TUH,1000
RUA,1760
RUA,1160
HOL,720
BJA,880
RAB,2750
LIS,120
JOJ,1200
CHY,760
CHY,400
CHY,480
CHY,520
CHY,520
CHY,840
CHY,1160
JOP,1120
BEN,840
MAY,1160
IYU,760
BRC,160
BRC,80
MAY,160
BRO,0
BOB,3750
LSW,1400
ARA,80
DUF,1480
COL,400
MIA,840
RUT,1520
JON,1800
SAM,480
SAM,520
SAM,440
BWB,2180
ROS,480
ISA,2690
E.L,1760
LOR,3070
MCG,3670
IMO,200
IMY,3560
NIA,1080
COR,1440
JOR,800
CAL,800
XZZ,1440
YYU,720
MAD,1440
ASS,440
PSY,240
GRI,240
FNG,120
GGT,800
SIM,40
SAM,480
JAC,0
CHA,200
LOU,560
CDS,1120
MAT,480
REB,80
NBJ,1680
BEN,1520
FKG,80
...,40
BXP,80
ABB,1440
CAT,1160
CIA,1160
KSA,200
ESA,1120
ESA,800
EMI,1760
AND,440
EVE,200
SAZ,40
GGH,1200
ZAW,1720
RSP,840
GGH,840
ELL,160
ALI,880
ALI,3220
CWL,120
COC,1720
WEB,1080
MON,1080
AMY,40
TJZ,80
CAL,800
DAN,160
MAC,1160
UYH,1160
AJJ,3230
STM,760
LUM,3090
JHA,4770
LHZ,1840
DRE,560
UJO,840
TYU,800
.OL,800
LIL,840
JOE,760
IMD,1200
YUJ,1120
TYU,1160
.II,480
XDT,520
YUI,400
YUK,160
LHC,840
MLT,1440
ELV,1840
ELV,760
EDI,3560
EDI,1520
EDI,1120
EDI,1160
EDI,1760
MKR,2650
EJF,1720
EDI,3300
MKR,4650
GDJ,720
MMM,1760
ALE,1200
DEB,2230
HYU,2230
SEP,2670
SEP,4750
.AL,560
RHU,1440
MAT,2560
EVA,760
ZEN,1160
AMY,1680
AMY,4100
FIN,560
FIN,880
JIL,4770
LOU,1840
PAN,520
KEN,3820
JAN,4170
DKY,40
CAL,200
CAM,880
CAL,1160
CAL,1120
CAL,1160
BOO,240
TOM,1200
CJ.,4800
ASD,4230
DEB,1480
COL,1800
AMY,1480
POI,840
SIR,1800
ANI,240
ALM,1760
BEC,1800
KAT,1200
JOR,2170
DBB,1200
TTT,880
REB,4100
MAC,440
ROB,120
ALI,3190
IAI,120
DEM,3690
ROO,1440
JOS,480
DIS,1400
FED,120
RSD,1760
NJP,4170
AMY,520
AMY,3620
GYR,840
.LL,3130
LOH,1760
SAM,1800
EMS,80
RON,1480
EDD,1200
ALE,1760
NCT,1720
DHX,160
JAN,1120
HGT,160
LAU,560
KAR,1160
LOU,480
MFD,1800
JKL,1840
LIN,1440
HAN,720
NAY,1200
TOM,200
HEL,1480
SHH,1440
ASS,1080
JHP,1120
JHH,1360
MIC,480
YOU,1160
DAZ,1720
JOJ,840
JOE,240
CON,1840
KIA,1080
JAH,480
DAN,840
MAG,1120
CAT,2800
JAM,1160
ELM,720
JAM,1200
SAM,120
SAM,480
AED,1440
JES,1480
JHN,1440
TIT,1120
FAG,1800
SAM,1120
JAC,2690
JMC,2680
DOT,3300
MCC,3180
JAY,1520
CRA,800
KEZ,1520
FEL,1840
SKY,3190
ADA,480
JAM,1160
JAM,1520
KYO,760
ADA,1800
MMM,1760
YVB,1760
DJB,3120
BOB,520
WEE,400
JAM,1720
LOL,1480
SAL,1840
VBN,120
GER,760
CAM,1480
BHK,440
FRQ,3180
RRE,480
ITY,800
RHU,1360
AMY,1400
REN,1480
ALD,1120
LEM,3700
CAT,1320
CHA,3110
COW,640
YOP,440
CJB,800
DOD,1840
HJM,2200
AJM,2050
KIT,1080
KIT,1480
PPP,3630
MVU,720
RHI,1040
FRE,1160
MUM,1160
COP,2800
PPO,3220
RRN,3770
LEM,1800
ROB,800
ROB,1480
LIV,840
DJM,1200
YOP,520
PIP,160
JSC,2640
LOT,1680
LGH,1200
JVF,80
FRR,1760
ROO,880
ALY,1120
BOB,1720
GYF,3320
CHI,4200
DRB,3770
JEM,2100
MFR,520
WET,200
HGH,520
HRK,400
JSW,160
YOK,1480
KWA,520
POP,1400
HIT,1440
THE,880
AAA,1080
MLA,840
MUM,2230
MOL,1080
DAD,1080
SRY,760
JGG,1680
TOM,1200
ROM,1160
SIM,5320
QQQ,3620
MYS,800
JCB,1800
JED,840
LOU,1120
IC.,1080
NIG,880
MAN,1160
SJS,1480
SJS,2140
COO,4560
FRA,1160
SEX,3720
QQQ,1480
SEX,1200
SEX,3190
DWS,1480
FAA,1840
JOS,1840
JCB,520
KER,1160
JCB,1840
CCC,3870
TOD,40
YFY,2070
ACE,4730
DEE,4800
MEE,1840
OOO,160
HOL,1160
BVN,2140
CHA,800
NHF,120
RLM,1440
HAT,1480
FER,1840
IRV,1120
OLI,160
RIO,1080
LRG,440
RON,400
LOU,80
JAY,40
AMY,480
LAU,200
VMM,2720
QWW,2050
OOO,2650
NGF,2230
NLC,1160
MEE,520
MEE,1720
ANZ,2300
DAN,480
WO.,2320
ELL,1120
EL.,160
ROM,440
ROB,120
CAR,1400
CAR,760
LIL,1480
PUU,880
ZLM,1840
ZLM,2690
AMY,80
KAT,800
REE,680
T.L,800
TYS,1840
TUS,1320
TL.,120
LIS,2170
BCP,200
LIA,760
ZIG,2070
CAT,200
FUN,120
KIL,400
CHA,760
JPU,160
ALE,40
NJJ,1480
E.L,760
LRU,4180
UDL,480
PLT,1440
HIY,1200
BOD,120
KAR,880
JAB,1120
JTO,440
LOL,1120
POO,80
ANN,360
PAT,400
MAX,240
MAX,200
ETH,800
RUA,3140
JEN,1160
DYL,1520
SKJ,200
PCR,80
SKB,0
FNF,1760
LOR,1360
LOR,1840
COP,840
ANI,1520
LAC,1760
FIN,80
REC,480
REC,1800
NMC,1160
JPC,160
HJK,1400
UMG,320
HAJ,40
KEL,1520
EMM,1840
FIL,1520
TWO,880
CAR,1520
TJI,3620
JES,1120
PET,1120
BOB,160
GRP,3750
HIK,1520
ROB,1160
AMY,40
DAN,1760
ABD,4750
EMZ,1760
PIS,360
MAG,800
SAM,800
EBK,200
ROR,1760
WAB,1040
WAB,1040
WAB,720
NMN,40
OWE,0
DAD,40
GAF,1200
DUM,400
KAR,1800
GAY,1160
GAY,840
GAY,1480
JAM,520
AMR,1680
IAN,1440
TOM,1440
MOO,1600
ZAC,2230
WSD,160
DAN,2620
EYT,440
STE,160
POO,200
YHF,1800
GAY,3700
IZZ,2090
IMY,1400
POO,880
MAX,1120
DAV,1120
MAX,160
YEF,400
VIC,1800
LES,120
ABC,1160
BET,80
BET,1200
LOS,1440
ASR,1480
TIN,1120
RGF,2190
ARR,1840
SIM,1440
YGG,480
JEN,1400
PAT,1040
HOL,2510
BLY,1120
POG,880
SAM,520
GGH,40
JAC,200
BEN,400
RYO,1200
RYO,560
BEN,160
TYP,840
TRH,440
UIO,200
IPY,480
MUM,1760
IAK,440
BEN,400
LJB,1720
JAS,480
JAS,880
ASS,1800
CAT,1440
HJM,560
HAG,200
LOU,1400
ROB,1520
JOX,1520
IAN,2710
JSH,1200
JSH,1080
RJH,1480
FDA,1160
YHG,3090
ABI,1160
PIG,1640
TRD,800
FIN,2250
RAB,3050
IMY,3270
AID,240
AID,1760
EHG,160
BOZ,120
TUG,160
MUM,400
MUM,1480
NAP,160
BOO,360
HFH,1800
ZXD,40
CQA,40
DAN,120
MIC,1120
.LA,1400
VER,1800
ABP,840
BPA,1080
MKA,1840
LOL,1200
LOL,1480
JES,1200
NIC,1800
LOL,840
LO.,3250
LOL,3320
VIC,1160
GRE,2260
ELY,3610
FIL,6220
DAN,520
FRT,760
JCB,3640
BAZ,1120
BAZ,880
MEE,2560
JON,1760
MEE,4160
KAT,1400
CAT,1760
IHC,1120
HRC,1520
KLO,1720
SJJ,2730
DAR,4130
LII,120
BZO,400
YYU,720
YUU,40
LOL,800
BOB,2600
GUT,2180
BE.,1440
RTT,880
EMI,200
BEX,120
RHY,1360
NAS,4120
OL.,120
OLI,120
VBB,160
DGD,120
YHJ,1800
DEB,1800
KRW,3750
DEB,1200
JAG,2640
STE,5390
DAR,0
FAZ,2590
ROS,160
RPP,1520
CHL,400
CCH,440
MAA,480
TAN,1800
IIT,560
DEN,760
TEN,4200
JAK,120
JAC,200
JAC,1800
EIL,1720
ROW,1440
ROC,2180
ELF,800
KAT,3230
POO,1840
GHI,120
BOB,1400
GOH,3190
CCC,1080
FVK,1440
ZAC,320
ZAC,120
QKJ,2750
TTT,2220
EMM,1440
ALL,1800
ALL,3250
CAL,4820
ATO,1440
CAL,2800
NOM,1440
TOR,1480
REE,160
CAM,200
MAR,3660
KAT,1120
LAY,2270
NUT,200
MJB,840
DAD,880
MJB,840
AJB,4870
MJB,520
UDH,1400
MEE,1120
SGM,3660
JOM,1760
ROS,2100
DJH,2190
SPM,1360
NEL,1120
AMY,840
YAY,760
RUB,1720
STU,2730
Z.C,80
NIG,1800
HOL,1480
DAZ,520
VVV,440
KIR,1480
CCA,1160
BET,1160
RUJ,1480
MEP,1520
ALO,1160
HRB,1160
ABC,840
NYK,160
MRJ,1760
SDV,200
GKT,480
NHH,440
TTY,400
GKV,1480
PPO,1040
ABC,1760
QWE,2730
MAX,1760
BNN,880
NNV,120
JOE,3230
BOB,240
JAY,1800
MET,7580
QQQ,1520
HII,1680
POO,840
HER,1800
STE,3660
STE,2800
ROS,1400
LRB,160
JOD,520
JAK,800
FTR,440
SID,760
VVT,1080
GYY,120
JAC,120
BES,1400
BJH,1480
POP,40
POP,1160
POO,560
SAM,400
CJB,40
MEG,120
MEG,200
RMB,3050
TAM,3800
SJB,1640
RMB,1720
JTR,1120
MRK,1520
UWE,80
III,1200
TOB,120
OLI,800
SOP,560
TOY,520
AKH,1160
OLI,800
A..,1200
OLI,720
AAK,560
ALI,1440
AA.,1120
ESR,1080
ESR,80
LIA,760
DTG,160
SAR,1200
CAR,1840
LEE,3230
PAU,5480
IMN,760
JMW,3600
JAY,3800
VA.,1440
AAA,3320
BAW,1840
POO,200
POP,440
LUK,2600
JUD,2260
CAT,880
LUK,1520
JUD,1760
JUD,840
CAT,240
CAT,520
JUD,2730
EMC,3370
MOL,1200
MOL,480
QGJ,40
LMJ,120
TUT,160
MHK,1800
HIG,840
ROK,1440
MAY,1760
MIA,1760
MIA,1840
MIA,1480
RAC,1720
MJC,2230
JRN,8210
GEZ,1760
RHO,2680
FYN,1840
CRA,1800
AMY,1760
STU,2760
JMY,1160
HAN,800
JMY,2630
LNL,2230
BEX,3230
CD.,4220
BIR,4670
MIK,1520
MIK,2190
ALE,520
MAL,3640
MA.,3630
KAL,1760
ALD,6990
ADS,3230
BMC,760
BMC,560
IMP,1360
SAM,4870
JT.,720
JT.,2300
MGT,3770
FIN,1800
MOL,1440
JRN,6740
ALD,4370
AIL,760
LAW,2680
LIL,1200
JAM,4270
SON,1200
TOM,200
MOI,4230
MIT,3130
CBS,1720
LOZ,1840
LOR,1520
LOR,3270
AZZ,1440
BOB,1160
AJH,1440
DAV,760
AJH,2730
HEL,3620
IAN,3610
IAN,4210
CCC,2150
SAM,80
RIK,1800
JIM,1520
MCB,560
AEB,1160
AEB,1360
AEB,1120
NBB,1440
ALD,6180
ALD,3250
OLL,1440
LEO,3210
LEE,3700
SEL,1440
FIO,1400
IZZ,1040
CAT,2610
EMM,480
ILH,1200
HIP,160
ILH,480
BNB,80
QUH,720
THE,120
MS.,1800
LIE,1720
L..,3650
IAG,3140
LMG,1200
CHR,1120
CHR,1160
CHR,1120
HHH,1040
RRR,200
XDR,1160
TIT,2090
GOR,760
GEO,1520
HFG,1200
HGH,1840
YTU,1800
DTF,4170
CAL,3560
ANA,3300
UOL,760
JRN,4670
JRN,4720
FEL,1440
AMY,1160
ROR,80
ROR,160
CRA,1160
SUZ,1200
AME,2630
HBO,1000
JHS,1400
JHS,1760
JJJ,1720
KKK,2700
YGG,120
CHA,800
VIX,1720
MEG,680
MEG,1480
JLH,4250
LUC,1440
IXI,840
ERK,1480
FRA,2180
RJW,1200
HEY,3150
HEY,1840
QWE,1200
ASD,1800
SOP,360
DIK,3800
JTL,1120
DS.,1440
DSL,2230
ACE,3610
FTY,440
TAS,840
YHH,1720
HHR,2190
GHJ,1840
GEY,3770
TWR,120
MEF,440
OSC,160
WWY,840
THV,1120
TIL,1200
Y.U,3640
MAR,1360
GGG,1120
BGG,520
MMM,840
DAN,3300
NAT,1200
OOO,3670
JUY,4620
ANN,1760
LQQ,1480
BOG,1440
BOG,1840
BOG,1840
ANN,160
ANB,80
MIU,160
JOE,80
HUG,480
MJA,1840
RUH,480
NIA,1440
MJA,400
LKK,4300
IMA,4170
POO,1800
CEL,1480
PEE,1440
GHG,880
BUM,880
QDS,240
STG,1840
ISI,1040
ALE,1200
ULA,440
ISO,520
AAA,760
EEE,840
CCC,1160
ASS,3580
AAF,3120
JOS,3200
MNV,120
NAT,1000
NWG,240
SAM,1360
LEW,2040
ROB,3750
CDC,1800
MYK,3800
CHM,6960
ARD,1120
CLO,840
CLO,1760
IMS,2230
CHM,3260
AAQ,200
IMP,160
JCA,1200
LEA,1760
INI,3200
PHI,800
PWE,1120
UUU,1200
PPP,2730
JDH,1080
NOI,880
SAM,1440
JON,4660
ELL,1760
JAN,1480
PIP,1800
ROB,1160
RPP,3200
CLM,1800
CLM,3300
POO,3630
ALI,1160
MAX,1760
DAN,1200
PCH,4550
VAG,1480
VLM,3190
DAZ,3640
JOO,160
UYI,40
GAZ,1480
SCC,1120
CSC,1160
MEL,1720
MEL,2630
LOL,1120
HHH,840
TOS,1160
TPS,120
NES,3190
LEA,2730
LOL,3710
RLJ,1800
SJH,2220
RLJ,4680
HAG,1520
REE,1480
HSU,1720
MIC,1800
ASU,3520
AIM,3230
SIM,4170
HUJ,2710
GOG,2700
LEE,1480
MLK,2180
BUZ,760
CAR,320
CQL,1440
LUC,400
ALI,1480
SIN,1440
MAR,1760
MAZ,1760
COP,3160
KMO,5270
TWR,1120
MSO,1760
SDA,3190
MAG,3750
KAT,840
RES,1200
BTZ,1440
CAL,4370
BEA,2760
HAN,1480
ROR,1440
GIL,800
AND,560
ALD,5230
DAN,1440
UAQ,1440
JEN,3270
PAT,880
DAN,560
OLI,200
.OJ,2040
SAM,5240
IMP,1480
IMP,1480
LEM,3370
PEN,1520
KEV,2100
SEC,4220
CAS,2100
DAN,2760
CVB,3270
SDW,800
FUD,1520
GLA,840
BNP,480
GGI,1800
HEW,1520
HUO,120
DDD,760
BEN,400
YOU,1200
ALA,4090
YOU,1440
SBR,1160
SAR,40
AAD,6140
FKU,2760
RAR,3300
RRR,4770
KEO,1080
TTT,1520
GGG,1200
YYY,3150
GAR,1120
JEM,1760
ADJ,1800
KLW,1760
JAK,1080
DAD,4200
ALI,2190
ALI,4760
SCC,1440
SAR,2230
CLD,1720
TIA,3180
TIA,3720
JRN,8090
UBG,2190
CZH,40
ABM,1720
EHT,2140
TIA,2250
MAR,400
MJ.,1080
LUM,720
JEN,1120
MEJ,4320
CJF,2230
RAF,520
KAS,480
EMI,560
NGG,3720
ZAC,2690
MIA,1520
MIA,3610
MIW,160
MUR,4800
LEA,2630
LEW,3150
KOR,1480
FCM,1440
COL,1480
VMP,1440
VMP,1120
AMY,3750
LUC,560
LUC,1160
AMW,1680
ZOE,480
EVW,1080
AMG,1480
AMG,2730
GSG,1400
BET,1440
ABU,760
ABU,1480
JAK,880
LYN,2070
WIL,160
STE,40
GLO,720
STE,1360
TUB,1160
TUB,1800
DAN,1160
AND,2680
SEA,840
SAM,1800
MOL,520
CAM,400
DMM,440
GGG,3250
LJM,1000
TTF,200
TON,120
HAR,1200
CJD,800
BET,800
TON,80
MAT,3720
NAT,480
BAR,1480
TRY,400
CHE,1440
CWL,1160
CAY,2010
LOL,3800
BJK,1720
AAR,160
DON,80
YTD,480
MIC,1800
CAZ,1200
LEW,720
GAV,520
KIE,240
KJG,1040
HSJ,1200
ALI,1760
JWR,120
IED,400
MMC,1720
STE,4250
ALI,4120
AMY,1520
EWU,1080
BEN,1200
O..,4220
ELS,1480
KE.,440
ELS,1120
ELS,1800
ELS,1160
WW.,880
QWB,80
JES,400
LOL,1080
YOU,1520
MEG,4210
SLB,1720
EMI,160
LJP,2230
LUC,3100
RUL,1760
RFK,40
POO,1800
LOR,3570
JEN,1720
JEN,1440
HOL,680
HRJ,800
RSC,1400
RSC,2150
KAT,1760
CAM,1480
DJW,1480
PHF,1480
MUM,1400
TAS,1760
BUM,120
DAD,2760
KAT,3220
LBM,520
TKH,1120
KEN,800
HGH,160
ADA,720
KTT,80
HGG,80
ANI,240
GRA,2760
LUK,1760
RYA,800
JHY,2690
JOR,2300
JFK,3320
MAX,200
MAX,800
TEE,1040
JOE,160
BEX,1480
GER,880
CJA,6040
DFF,80
BAR,4250
AJL,1800
GVJ,1480
POO,640
KTY,2750
CDA,2050
UNA,520
HMT,2690
CMP,1400
NNN,1800
NJL,1800
DNL,8290
AML,40
GRD,4170
NJL,1120
ALI,2140
ETH,800
IAN,4720
BEV,2190
ABB,1520
DAN,1400
KAT,1800
RYN,1160
ROS,2640
PET,760
PIR,2650
EGJ,80
E.I,1440
E.L,800
HHA,1400
HHH,1200
YYY,1800
HHH,1120
MDE,1120
STE,1080
LYN,2650
ALD,3820
ALD,6900
HAN,440
KMC,4370
JON,3130
MOO,1480
MOO,1760
WEE,1640
IME,1400
LOV,1520
AFF,880
GTU,240
ABB,560
WLS,2150
LBJ,1160
DAN,1080
DAN,2750
ROS,840
PAP,3250
ELL,1840
DEG,1520
ASS,1840
MKO,4370
SAZ,880
SCO,3320
IHH,760
MVC,1080
SML,1440
ELL,80
ELL,1840
PAL,1720
ERN,160
SBG,4170
JRN,3820
JAM,5430
MMC,1000
LCB,1520
MAC,3270
LIS,3220
LIS,3140
LOZ,3650
MAR,4660
MAT,3620
LAE,760
ROB,2800
AIJ,2180
PIO,1400
GOS,1760
OLA,4110
JAN,1200
FEN,1440
CUN,1760
ICH,3300
ICH,3230
AND,1400
AND,1520
LAS,1160
IRI,1040
PAP,3140
DOL,1760
SOR,1160
AAA,3220
HYI,1080
GAY,1760
HSH,480
YHU,360
ILI,4260
YFU,1440
TTT,3600
DSG,800
EH.,7410
SAZ,1760
HHG,4150
MJV,120
MEG,160
DGJ,1800
RIC,2730
LEA,2190
JAM,480
LEE,880
GAB,3320
GRL,1760
GOD,2760
B.L,1160
JAM,1520
DAW,1120
DEL,520
QQQ,1400
KRI,880
BUM,4190
SHY,1160
BEX,1520
SHY,840
BEN,4200
ABI,2230
STE,3500
MEL,720
FUN,2230
RSZ,1160
S.C,1800
ADA,160
LEE,4770
JEN,3150
JEN,4370
RSJ,4050
